Workbook
Name IRR: Gegevens!$I$36
Name Levensduur: Gegevens!$E$18
Name TVT: Gegevens!$D$36

Sheet Gegevens
B2: Berekening terugverdientermijn (TVT) en IRR
B4: versie: | C4: vs. 3.0
B5: Korte handleiding
B7: U vult volgende cellen in (met lichtgele achtergrond). De andere cellen zijn niet te wijzigen!
B8: - De blauwe cijfers in de cellen E12 tem E22 met de projectgegevens; met uitzondering van cel E14 (= % thematische aftrek, die berekend wordt op basis van de cellen E12 en E13) Let op ! Financiële waarden in 1.000 euro!
B9: - in cel E22 aangeven of de jaarlijkse besparingen identiek zijn voor elk jaar gedurende de levensduur. Indien niet, dan vult u in rij 27 gedurende de levensduur de effectieve jaarlijkse besparing in voor het betreffende jaar.
B12: In te vullen projectgegevens
D13: jaar van de investeringen
D14: grootte onderneming
D15: thematische aftrek | E15: =IF(OR(E13="",E14=""),"",IF(AND(E13=2025,E14="geen KO"),0.3,0.4))
D16: Investering | E16: 100 | F16: k€
D17: Installatiekosten | E17: 0 | F17: k€
D18: Levensduur | E18: 10 | F18: jaar
D19: Restwaarde bij einde levensduur | E19: 0 | F19: k€
D20: Afschrijvingstermijn | E20: 5 | F20: jaar
D21: Vennootschapsbelasting | E21: 0.25 | G21: =IF(E21<>0.25,"Opgepast ! Aangepaste vennootschapsbelasting !","")
D22: Netto besparing jaar 1 | E22: 20 | F22: k€
D23: netto besparingen elk jaar identiek? | E23: ja | F23: =IF(E23="nee","(*)","")
B24: =IF(E23="ja","","(*) Indien de netto-besparingen van jaar tot jaar verschillen: vul in rij 26 de correcte netto besparingen gedurende de levensduur in voor de jaren 2 tem " & Levensduur & " (vakjes met gele achtergrond).")
F26: Jaar
F27: 1 | G27: =F27+1 -> 2 | H27: =G27+1 -> 3 | I27: =H27+1 -> 4 | J27: =I27+1 -> 5 | K27: =J27+1 -> 6 | L27: =K27+1 -> 7 | M27: =L27+1 -> 8 | N27: =M27+1 -> 9 | ... AD27: =AC27+1 -> 25
C28: Netto besparing per jaar over de levensduur (k€) | F28: =$E$22 -> 20 | G28: =IF($E$23="ja",IF($E$18+1-G27>0,$E$22,0),IF($E$18+1-G27>0,"invullen!",0)) -> 20 | H28: =IF($E$23="ja",IF($E$18+1-H27>0,$E$22,0),IF($E$18+1-H27>0,"invullen!",0)) -> 20 | I28: =IF($E$23="ja",IF($E$18+1-I27>0,$E$22,0),IF($E$18+1-I27>0,"invullen!",0)) -> 20 | J28: =IF($E$23="ja",IF($E$18+1-J27>0,$E$22,0),IF($E$18+1-J27>0,"invullen!",0)) -> 20 | K28: =IF($E$23="ja",IF($E$18+1-K27>0,$E$22,0),IF($E$18+1-K27>0,"invullen!",0)) -> 20 | L28: =IF($E$23="ja",IF($E$18+1-L27>0,$E$22,0),IF($E$18+1-L27>0,"invullen!",0)) -> 20 | M28: =IF($E$23="ja",IF($E$18+1-M27>0,$E$22,0),IF($E$18+1-M27>0,"invullen!",0)) -> 20 | N28: =IF($E$23="ja",IF($E$18+1-N27>0,$E$22,0),IF($E$18+1-N27>0,"invullen!",0)) -> 20 | ... AD28: =IF($E$23="ja",IF($E$18+1-AD27>0,$E$22,0),IF($E$18+1-AD27>0,"invullen!",0)) -> 0
B33: Resultaat van TVT-berekening | G33: Resultaat van IRR-berekening
C36: TVT na belastingen: | D36: =IF($E$22=0,"",IF($G$28="invullen!","",IF($E$22<0,"Geen besparing!",'TVT-berekening'!L9))) -> meer dan 3 jaar | H36: IRR na belastingen: | I36: =IF($E$22=0,"",IF($G$28="invullen!","",IF($E$22<0,"Geen besparing!",'IRR-berekening'!M9))) -> 0.12725251
B40: Conclusie: | C40: =IF(E15="","Vul de gegevens in voor de berekening van thematische aftrek!",IF(OR(E16=0,E18=0,E20=0),"Vul alle nodige investeringsgegevens in!",IF($E$22<=0,"Vul de besparingen correct in ! Besparingen moeten groter zijn dan 0 !",IF($I$36="","",IF(TVT="minder dan 3 jaar","Geen verhoogde thematische aftrek van toepassing",IF(IRR>0.13,"Verhoogde thematische aftrek enkel van toepassing voor kleine ondernemingen","Verhoogde thematische aftrek van toepassing voor alle ondernemingen")))))) -> Vul de gegevens in voor de berekening van thematische aftrek!
B41: =IF(C40="Vul alle nodige gegevens in!","",IF(IRR="","","Reden:")) -> Reden: | C41: =IF(C40="Vul alle nodige gegevens in!","",IF(IRR="","",IF($I$36="","",IF(TVT="minder dan 3 jaar","De TVT moet minstens 3 jaar zijn",IF(IRR>0.13,"De IRR mag maximaal 13% zijn voor ondernemingen die niet klein zijn","")))))

Sheet TVT-berekening
A1: Berekening terugverdientermijn (TVT) van de investeringen
A3: projectgegevens | H3: Resultaat van TVT-berekening
C5: =Gegevens!D16 -> Investering | D5: =Gegevens!E16 -> 100 | E5: =Gegevens!F16 -> k€
C6: =Gegevens!D17 -> Installatiekosten | D6: =Gegevens!E17 -> 0 | E6: =Gegevens!F17 -> k€ | I6: TVT vóór belastingen: | L6: =E28 -> meer dan 3 jaar
C7: =Gegevens!D18 -> Levensduur | D7: =Gegevens!E18 -> 10 | E7: =Gegevens!F18 -> jaar
C8: =Gegevens!D22 -> Netto besparing jaar 1 | D8: =Gegevens!E22 -> 20 | E8: =Gegevens!F22 -> k€
C9: =Gegevens!D19 -> Restwaarde bij einde levensduur | D9: =Gegevens!E19 -> 0 | E9: =Gegevens!F19 -> k€ | I9: TVT na belastingen: | L9: =E46 -> meer dan 3 jaar
C10: =Gegevens!D20 -> Afschrijvingstermijn | D10: =Gegevens!E20 -> 5 | E10: =Gegevens!F20 -> jaar
C11: Thematische aftrek | D11: =Gegevens!E15
C12: =Gegevens!D21 -> Vennootschapsbelasting | D12: =Gegevens!E21 -> 0.25
A15: Hieronder wordt de wijze van berekening van de IRR vóór resp. na belastingen weergegeven.
A17: TVT berekening vóór belasting
E19: Jaar
E20: 0 | F20: 1 | G20: 2 | H20: 3 | I20: 4
B21: Investering | E21: =-(D5) -> -100
B22: Restwaarde bij einde levensduur | F22: =IF($D$7=F20,$D$9,0) -> 0 | G22: =IF($D$7=G20,$D$9,0) -> 0 | H22: =IF($D$7=H20,$D$9,0) -> 0 | I22: =IF($D$7=I20,$D$9,0) -> 0
B23: Installatiekosten | E23: =-D6 -> 0
B24: Netto besparing per jaar over de levensduur | F24: ='IRR-berekening'!F24 -> 20 | G24: ='IRR-berekening'!G24 -> 20 | H24: ='IRR-berekening'!H24 -> 20 | I24: ='IRR-berekening'!I24 -> 20
B25: Totale kasstroom | E25: =SUM(E21:E24) -> -100 | F25: =SUM(F21:F24) -> 20 | G25: =SUM(G21:G24) -> 20 | H25: =SUM(H21:H24) -> 20 | I25: =SUM(I21:I24) -> 20
B26: Cumulatieve kasstroom | E26: =E25 -> -100 | F26: =SUM($E25:F25) -> -80 | G26: =SUM($E25:G25) -> -60 | H26: =SUM($E25:H25) -> -40 | I26: =SUM($E25:I25) -> -20
B28: Berekening TVT voor belastingen: | E28: =IF(D7=0,"",IF(H26<0,"meer dan 3 jaar",IF(H26>0,"minder dan 3 jaar","exact 3 jaar"))) -> meer dan 3 jaar
A31: TVT berekening na belasting
E33: Jaar
E34: 0 | F34: 1 | G34: 2 | H34: 3 | I34: 4
B35: Investering | E35: =-(D5) -> -100
B36: Restwaarde bij einde levensduur | F36: =IF($D$7=F34,$D$9,0) -> 0 | G36: =IF($D$7=G34,$D$9,0) -> 0 | H36: =IF($D$7=H34,$D$9,0) -> 0 | I36: =IF($D$7=I34,$D$9,0) -> 0
B37: Installatiekosten | E37: =-D6 -> 0
B38: Netto besparing per jaar over de levensduur | F38: =F24 -> 20 | G38: =G24 -> 20 | H38: =H24 -> 20 | I38: =I24 -> 20
B39: Belasting op opbrengsten | E39: =-E37*$D$12 -> 0 | F39: =-F38*$D$12 -> -5 | G39: =-G38*$D$12 -> -5 | H39: =-H38*$D$12 -> -5 | I39: =-I38*$D$12 -> -5
D40: Thematische aftrek | E40: =IF($D$11="",0,$D$11*$D$5*$D$12) -> 0
B41: Afschrijving per jaar | F41: =IF($D$10+1-F$34>0,($D$5/$D$10),0) -> 20 | G41: =IF($D$10+1-G$34>0,($D$5/$D$10),0) -> 20 | H41: =IF($D$10+1-H$34>0,($D$5/$D$10),0) -> 20 | I41: =IF($D$10+1-I$34>0,($D$5/$D$10),0) -> 20
B42: Verminderde belasting door afschrijving | F42: =IF(F$41>0,F41*$D$12,0) -> 5 | G42: =IF(G$41>0,G41*$D$12,0) -> 5 | H42: =IF(H$41>0,H41*$D$12,0) -> 5 | I42: =IF(I$41>0,I41*$D$12,0) -> 5
B43: Totale kasstroom | E43: =SUM(E35:E42) -> -100 | F43: =SUM(F35:F42)-F41 -> 20 | G43: =SUM(G35:G42)-G41 -> 20 | H43: =SUM(H35:H42)-H41 -> 20 | I43: =SUM(I35:I42)-I41 -> 20
B44: Cumulatieve kasstroom | E44: =E43 -> -100 | F44: =SUM($E43:F43) -> -80 | G44: =SUM($E43:G43) -> -60 | H44: =SUM($E43:H43) -> -40 | I44: =SUM($E43:I43) -> -20
B46: Berekening TVT na belastingen: | E46: =IF(D7=0,"",IF(H44<0,"meer dan 3 jaar",IF(H44>0,"minder dan 3 jaar","exact 3 jaar"))) -> meer dan 3 jaar
C47: 0

Sheet IRR-berekening
A1: Berekening IRR van de investeringen
A3: projectgegevens | H3: Resultaat van IRR-berekening
C5: =Gegevens!D16 -> Investering | D5: =Gegevens!E16 -> 100 | E5: =Gegevens!F16 -> k€
C6: =Gegevens!D17 -> Installatiekosten | D6: =Gegevens!E17 -> 0 | E6: =Gegevens!F17 -> k€ | L6: IRR vóór belastingen: | M6: =C28 -> 0.15098414
C7: =Gegevens!D18 -> Levensduur | D7: =Gegevens!E18 -> 10 | E7: =Gegevens!F18 -> jaar
C8: =Gegevens!D22 -> Netto besparing jaar 1 | D8: =Gegevens!E22 -> 20 | E8: =Gegevens!F22 -> k€
C9: =Gegevens!D19 -> Restwaarde bij einde levensduur | D9: =Gegevens!E19 -> 0 | E9: =Gegevens!F19 -> k€ | L9: IRR na belastingen: | M9: =C64 -> 0.12725251
C10: =Gegevens!D20 -> Afschrijvingstermijn | D10: =Gegevens!E20 -> 5 | E10: =Gegevens!F20 -> jaar
C11: Thematische aftrek | D11: =Gegevens!E15
C12: =Gegevens!D21 -> Vennootschapsbelasting | D12: =Gegevens!E21 -> 0.25
A15: Hieronder wordt de wijze van berekening van de IRR vóór resp. na belastingen weergegeven.
A17: IRR berekening vóór belasting
E19: Jaar
E20: 0 | F20: =E20+1 -> 1 | G20: =F20+1 -> 2 | H20: =G20+1 -> 3 | I20: =H20+1 -> 4 | J20: =I20+1 -> 5 | K20: =J20+1 -> 6 | L20: =K20+1 -> 7 | M20: =L20+1 -> 8 | ... AD20: =AC20+1 -> 25
B21: Investering | E21: =-(D5) -> -100
B22: Restwaarde bij einde levensduur | F22: =IF($D$7=F20,$D$9,0) -> 0 | G22: =IF($D$7=G20,$D$9,0) -> 0 | H22: =IF($D$7=H20,$D$9,0) -> 0 | I22: =IF($D$7=I20,$D$9,0) -> 0 | J22: =IF($D$7=J20,$D$9,0) -> 0 | K22: =IF($D$7=K20,$D$9,0) -> 0 | L22: =IF($D$7=L20,$D$9,0) -> 0 | M22: =IF($D$7=M20,$D$9,0) -> 0 | ... AD22: =IF($D$7=AD20,$D$9,0) -> 0
B23: Installatiekosten | E23: =-D6 -> 0
B24: Netto besparing per jaar over de levensduur | F24: =Gegevens!F28 -> 20 | G24: =Gegevens!G28 -> 20 | H24: =Gegevens!H28 -> 20 | I24: =Gegevens!I28 -> 20 | J24: =Gegevens!J28 -> 20 | K24: =Gegevens!K28 -> 20 | L24: =Gegevens!L28 -> 20 | M24: =Gegevens!M28 -> 20 | ... AD24: =Gegevens!AD28 -> 0
B25: Totale kasstroom | E25: =SUM(E21:E24) -> -100 | F25: =SUM(F21:F24) -> 20 | G25: =SUM(G21:G24) -> 20 | H25: =SUM(H21:H24) -> 20 | I25: =SUM(I21:I24) -> 20 | J25: =SUM(J21:J24) -> 20 | K25: =SUM(K21:K24) -> 20 | L25: =SUM(L21:L24) -> 20 | ... AD25: =SUM(AD21:AD24) -> 0
A27: De IRR wordt berekend m.b.v. een formule (iteratie) en geeft
A28: volgend resultaat: | B28: IRR : | C28: =IF(D7=0,"",IRR(E25:AD25)) -> 0.15098414
C29: 0
A30: Dit kan zichtbaar gemaakt worden door bij verschillende rentevoeten de NCW te berekenen en te kijken bij welke rentevoet de NCW = 0 wordt
C32: rentevoet | D32: NCW in het jaar van investeren | E32: Jaar
E33: 0 | F33: =E33+1 -> 1 | G33: =F33+1 -> 2 | H33: =G33+1 -> 3 | I33: =H33+1 -> 4 | J33: =I33+1 -> 5 | K33: =J33+1 -> 6 | L33: =K33+1 -> 7 | M33: =L33+1 -> 8 | ... AD33: =AC33+1 -> 25
C34: 0 | D34: =SUM(E34:Y34) -> 100 | E34: =SUM(E$21:E$24) -> -100 | F34: =SUM(F$21:F$24)/POWER(1+$C34/100,F$20) -> 20 | G34: =SUM(G$21:G$24)/POWER(1+$C34/100,G$20) -> 20 | H34: =SUM(H$21:H$24)/POWER(1+$C34/100,H$20) -> 20 | I34: =SUM(I$21:I$24)/POWER(1+$C34/100,I$20) -> 20 | J34: =SUM(J$21:J$24)/POWER(1+$C34/100,J$20) -> 20 | K34: =SUM(K$21:K$24)/POWER(1+$C34/100,K$20) -> 20 | L34: =SUM(L$21:L$24)/POWER(1+$C34/100,L$20) -> 20 | M34: =SUM(M$21:M$24)/POWER(1+$C34/100,M$20) -> 20 | ... AD34: =SUM(AD$21:AD$24)/POWER(1+$C34/100,AD$20) -> 0
C35: =C34+5 -> 5 | D35: =SUM(E35:Y35) -> 54.434699 | E35: =SUM(E$21:E$24) -> -100 | F35: =SUM(F$21:F$24)/POWER(1+$C35/100,F$20) -> 19.047619 | G35: =SUM(G$21:G$24)/POWER(1+$C35/100,G$20) -> 18.14059 | H35: =SUM(H$21:H$24)/POWER(1+$C35/100,H$20) -> 17.276752 | I35: =SUM(I$21:I$24)/POWER(1+$C35/100,I$20) -> 16.454049 | J35: =SUM(J$21:J$24)/POWER(1+$C35/100,J$20) -> 15.670523 | K35: =SUM(K$21:K$24)/POWER(1+$C35/100,K$20) -> 14.924308 | L35: =SUM(L$21:L$24)/POWER(1+$C35/100,L$20) -> 14.213627 | M35: =SUM(M$21:M$24)/POWER(1+$C35/100,M$20) -> 13.536787 | ... AD35: =SUM(AD$21:AD$24)/POWER(1+$C35/100,AD$20) -> 0
C36: =C35+5 -> 10 | D36: =SUM(E36:Y36) -> 22.891342 | E36: =SUM(E$21:E$24) -> -100 | F36: =SUM(F$21:F$24)/POWER(1+$C36/100,F$20) -> 18.181818 | G36: =SUM(G$21:G$24)/POWER(1+$C36/100,G$20) -> 16.528926 | H36: =SUM(H$21:H$24)/POWER(1+$C36/100,H$20) -> 15.026296 | I36: =SUM(I$21:I$24)/POWER(1+$C36/100,I$20) -> 13.660269 | J36: =SUM(J$21:J$24)/POWER(1+$C36/100,J$20) -> 12.418426 | K36: =SUM(K$21:K$24)/POWER(1+$C36/100,K$20) -> 11.289479 | L36: =SUM(L$21:L$24)/POWER(1+$C36/100,L$20) -> 10.263162 | M36: =SUM(M$21:M$24)/POWER(1+$C36/100,M$20) -> 9.3301476 | ... AD36: =SUM(AD$21:AD$24)/POWER(1+$C36/100,AD$20) -> 0
C37: =C36+5 -> 15 | D37: =SUM(E37:Y37) -> 0.37537252 | E37: =SUM(E$21:E$24) -> -100 | F37: =SUM(F$21:F$24)/POWER(1+$C37/100,F$20) -> 17.391304 | G37: =SUM(G$21:G$24)/POWER(1+$C37/100,G$20) -> 15.122873 | H37: =SUM(H$21:H$24)/POWER(1+$C37/100,H$20) -> 13.150325 | I37: =SUM(I$21:I$24)/POWER(1+$C37/100,I$20) -> 11.435065 | J37: =SUM(J$21:J$24)/POWER(1+$C37/100,J$20) -> 9.9435347 | K37: =SUM(K$21:K$24)/POWER(1+$C37/100,K$20) -> 8.6465519 | L37: =SUM(L$21:L$24)/POWER(1+$C37/100,L$20) -> 7.5187408 | M37: =SUM(M$21:M$24)/POWER(1+$C37/100,M$20) -> 6.5380355 | ... AD37: =SUM(AD$21:AD$24)/POWER(1+$C37/100,AD$20) -> 0
C38: =C37+5 -> 20 | D38: =SUM(E38:Y38) -> -16.150558 | E38: =SUM(E$21:E$24) -> -100 | F38: =SUM(F$21:F$24)/POWER(1+$C38/100,F$20) -> 16.666667 | G38: =SUM(G$21:G$24)/POWER(1+$C38/100,G$20) -> 13.888889 | H38: =SUM(H$21:H$24)/POWER(1+$C38/100,H$20) -> 11.574074 | I38: =SUM(I$21:I$24)/POWER(1+$C38/100,I$20) -> 9.6450617 | J38: =SUM(J$21:J$24)/POWER(1+$C38/100,J$20) -> 8.0375514 | K38: =SUM(K$21:K$24)/POWER(1+$C38/100,K$20) -> 6.6979595 | L38: =SUM(L$21:L$24)/POWER(1+$C38/100,L$20) -> 5.5816329 | M38: =SUM(M$21:M$24)/POWER(1+$C38/100,M$20) -> 4.6513608 | ... AD38: =SUM(AD$21:AD$24)/POWER(1+$C38/100,AD$20) -> 0
C39: =C38+5 -> 25 | D39: =SUM(E39:Y39) -> -28.589935 | E39: =SUM(E$21:E$24) -> -100 | F39: =SUM(F$21:F$24)/POWER(1+$C39/100,F$20) -> 16 | G39: =SUM(G$21:G$24)/POWER(1+$C39/100,G$20) -> 12.8 | H39: =SUM(H$21:H$24)/POWER(1+$C39/100,H$20) -> 10.24 | I39: =SUM(I$21:I$24)/POWER(1+$C39/100,I$20) -> 8.192 | J39: =SUM(J$21:J$24)/POWER(1+$C39/100,J$20) -> 6.5536 | K39: =SUM(K$21:K$24)/POWER(1+$C39/100,K$20) -> 5.24288 | L39: =SUM(L$21:L$24)/POWER(1+$C39/100,L$20) -> 4.194304 | M39: =SUM(M$21:M$24)/POWER(1+$C39/100,M$20) -> 3.3554432 | ... AD39: =SUM(AD$21:AD$24)/POWER(1+$C39/100,AD$20) -> 0
C40: =C39+5 -> 30 | D40: =SUM(E40:Y40) -> -38.16921 | E40: =SUM(E$21:E$24) -> -100 | F40: =SUM(F$21:F$24)/POWER(1+$C40/100,F$20) -> 15.384615 | G40: =SUM(G$21:G$24)/POWER(1+$C40/100,G$20) -> 11.83432 | H40: =SUM(H$21:H$24)/POWER(1+$C40/100,H$20) -> 9.1033227 | I40: =SUM(I$21:I$24)/POWER(1+$C40/100,I$20) -> 7.0025559 | J40: =SUM(J$21:J$24)/POWER(1+$C40/100,J$20) -> 5.3865815 | K40: =SUM(K$21:K$24)/POWER(1+$C40/100,K$20) -> 4.1435242 | L40: =SUM(L$21:L$24)/POWER(1+$C40/100,L$20) -> 3.1873263 | M40: =SUM(M$21:M$24)/POWER(1+$C40/100,M$20) -> 2.4517895 | ... AD40: =SUM(AD$21:AD$24)/POWER(1+$C40/100,AD$20) -> 0
C41: =C40+5 -> 35 | D41: =SUM(E41:Y41) -> -45.699144 | E41: =SUM(E$21:E$24) -> -100 | F41: =SUM(F$21:F$24)/POWER(1+$C41/100,F$20) -> 14.814815 | G41: =SUM(G$21:G$24)/POWER(1+$C41/100,G$20) -> 10.973937 | H41: =SUM(H$21:H$24)/POWER(1+$C41/100,H$20) -> 8.1288421 | I41: =SUM(I$21:I$24)/POWER(1+$C41/100,I$20) -> 6.0213646 | J41: =SUM(J$21:J$24)/POWER(1+$C41/100,J$20) -> 4.46027 | K41: =SUM(K$21:K$24)/POWER(1+$C41/100,K$20) -> 3.3039037 | L41: =SUM(L$21:L$24)/POWER(1+$C41/100,L$20) -> 2.4473361 | M41: =SUM(M$21:M$24)/POWER(1+$C41/100,M$20) -> 1.8128416 | ... AD41: =SUM(AD$21:AD$24)/POWER(1+$C41/100,AD$20) -> 0
C42: =C41+5 -> 40 | D42: =SUM(E42:Y42) -> -51.728581 | E42: =SUM(E$21:E$24) -> -100 | F42: =SUM(F$21:F$24)/POWER(1+$C42/100,F$20) -> 14.285714 | G42: =SUM(G$21:G$24)/POWER(1+$C42/100,G$20) -> 10.204082 | H42: =SUM(H$21:H$24)/POWER(1+$C42/100,H$20) -> 7.2886297 | I42: =SUM(I$21:I$24)/POWER(1+$C42/100,I$20) -> 5.2061641 | J42: =SUM(J$21:J$24)/POWER(1+$C42/100,J$20) -> 3.7186886 | K42: =SUM(K$21:K$24)/POWER(1+$C42/100,K$20) -> 2.6562062 | L42: =SUM(L$21:L$24)/POWER(1+$C42/100,L$20) -> 1.8972901 | M42: =SUM(M$21:M$24)/POWER(1+$C42/100,M$20) -> 1.3552072 | ... AD42: =SUM(AD$21:AD$24)/POWER(1+$C42/100,AD$20) -> 0
C43: =C42+5 -> 45 | D43: =SUM(E43:Y43) -> -56.637332 | E43: =SUM(E$21:E$24) -> -100 | F43: =SUM(F$21:F$24)/POWER(1+$C43/100,F$20) -> 13.793103 | G43: =SUM(G$21:G$24)/POWER(1+$C43/100,G$20) -> 9.5124851 | H43: =SUM(H$21:H$24)/POWER(1+$C43/100,H$20) -> 6.5603346 | I43: =SUM(I$21:I$24)/POWER(1+$C43/100,I$20) -> 4.5243687 | J43: =SUM(J$21:J$24)/POWER(1+$C43/100,J$20) -> 3.1202543 | K43: =SUM(K$21:K$24)/POWER(1+$C43/100,K$20) -> 2.1518995 | L43: =SUM(L$21:L$24)/POWER(1+$C43/100,L$20) -> 1.4840686 | M43: =SUM(M$21:M$24)/POWER(1+$C43/100,M$20) -> 1.0234956 | ... AD43: =SUM(AD$21:AD$24)/POWER(1+$C43/100,AD$20) -> 0
C44: =C43+5 -> 50 | D44: =SUM(E44:Y44) -> -60.693661 | E44: =SUM(E$21:E$24) -> -100 | F44: =SUM(F$21:F$24)/POWER(1+$C44/100,F$20) -> 13.333333 | G44: =SUM(G$21:G$24)/POWER(1+$C44/100,G$20) -> 8.8888889 | H44: =SUM(H$21:H$24)/POWER(1+$C44/100,H$20) -> 5.9259259 | I44: =SUM(I$21:I$24)/POWER(1+$C44/100,I$20) -> 3.9506173 | J44: =SUM(J$21:J$24)/POWER(1+$C44/100,J$20) -> 2.6337449 | K44: =SUM(K$21:K$24)/POWER(1+$C44/100,K$20) -> 1.7558299 | L44: =SUM(L$21:L$24)/POWER(1+$C44/100,L$20) -> 1.1705533 | M44: =SUM(M$21:M$24)/POWER(1+$C44/100,M$20) -> 0.78036885 | ... AD44: =SUM(AD$21:AD$24)/POWER(1+$C44/100,AD$20) -> 0
C46: De rentevoet waarbij de netto contante waarde = 0 wordt, is de IRR van de investering vóór belastingen
A49: IRR berekening na belasting
E51: Jaar
E52: 0 | F52: =E52+1 -> 1 | G52: =F52+1 -> 2 | H52: =G52+1 -> 3 | I52: =H52+1 -> 4 | J52: =I52+1 -> 5 | K52: =J52+1 -> 6 | L52: =K52+1 -> 7 | M52: =L52+1 -> 8 | ... AD52: =AC52+1 -> 25
B53: Investering | E53: =-(D5) -> -100
B54: Restwaarde bij einde levensduur | F54: =IF($D$7=F52,$D$9,0) -> 0 | G54: =IF($D$7=G52,$D$9,0) -> 0 | H54: =IF($D$7=H52,$D$9,0) -> 0 | I54: =IF($D$7=I52,$D$9,0) -> 0 | J54: =IF($D$7=J52,$D$9,0) -> 0 | K54: =IF($D$7=K52,$D$9,0) -> 0 | L54: =IF($D$7=L52,$D$9,0) -> 0 | M54: =IF($D$7=M52,$D$9,0) -> 0 | ... AD54: =IF($D$7=AD52,$D$9,0) -> 0
B55: Installatiekosten | E55: =-D6 -> 0
D56: Netto besparing per jaar over de levensduur | F56: =F24 -> 20 | G56: =G24 -> 20 | H56: =H24 -> 20 | I56: =I24 -> 20 | J56: =J24 -> 20 | K56: =K24 -> 20 | L56: =L24 -> 20 | M56: =M24 -> 20 | ... AD56: =AD24 -> 0
B57: Belasting op opbrengsten | E57: =-E55*$D$12 -> 0 | F57: =-F56*$D$12 -> -5 | G57: =-G56*$D$12 -> -5 | H57: =-H56*$D$12 -> -5 | I57: =-I56*$D$12 -> -5 | J57: =-J56*$D$12 -> -5 | K57: =-K56*$D$12 -> -5 | L57: =-L56*$D$12 -> -5 | M57: =-M56*$D$12 -> -5 | ... AD57: =-AD56*$D$12 -> 0
B58: Thematische aftrek | D58: Investeringsaftrek | E58: =IF($D$11="",0,$D$11*$D$5*$D$12) -> 0
B59: Afschrijving per jaar | F59: =IF($D$10+1-F$52>0,($D$5/$D$10),0) -> 20 | G59: =IF($D$10+1-G$52>0,($D$5/$D$10),0) -> 20 | H59: =IF($D$10+1-H$52>0,($D$5/$D$10),0) -> 20 | I59: =IF($D$10+1-I$52>0,($D$5/$D$10),0) -> 20 | J59: =IF($D$10+1-J$52>0,($D$5/$D$10),0) -> 20 | K59: =IF($D$10+1-K$52>0,($D$5/$D$10),0) -> 0 | L59: =IF($D$10+1-L$52>0,($D$5/$D$10),0) -> 0 | M59: =IF($D$10+1-M$52>0,($D$5/$D$10),0) -> 0 | ... AD59: =IF($D$10+1-AD$52>0,($D$5/$D$10),0) -> 0
B60: Verminderde belasting door afschrijving | F60: =IF(F$59>0,F59*$D$12,0) -> 5 | G60: =IF(G$59>0,G59*$D$12,0) -> 5 | H60: =IF(H$59>0,H59*$D$12,0) -> 5 | I60: =IF(I$59>0,I59*$D$12,0) -> 5 | J60: =IF(J$59>0,J59*$D$12,0) -> 5 | K60: =IF(K$59>0,K59*$D$12,0) -> 0 | L60: =IF(L$59>0,L59*$D$12,0) -> 0 | M60: =IF(M$59>0,M59*$D$12,0) -> 0 | ... AD60: =IF(AD$59>0,AD59*$D$12,0) -> 0
B61: Totale kasstroom | E61: =SUM(E53:E60) -> -100 | F61: =SUM(F53:F60)-F59 -> 20 | G61: =SUM(G53:G60)-G59 -> 20 | H61: =SUM(H53:H60)-H59 -> 20 | I61: =SUM(I53:I60)-I59 -> 20 | J61: =SUM(J53:J60)-J59 -> 20 | K61: =SUM(K53:K60)-K59 -> 15 | L61: =SUM(L53:L60)-L59 -> 15 | M61: =SUM(M53:M60)-M59 -> 15 | ... AD61: =SUM(AD53:AD60)-AD59 -> 0
A63: De IRR wordt berekend m.b.v. een formule (iteratie) en geeft
A64: volgend resultaat: | B64: IRR= | C64: =IF(D7=0,"",IF(OR(IRR(E61:AD61)<0.129,IRR(E61:AD61)>0.131),IRR(E61:AD61),IF(IRR(E61:AD61)<0.13,0.129,0.131))) -> 0.12725251
A66: Dit kan zichtbaar gemaakt worden door bij verschillende rentevoeten de NCW te berekenen en te kijken bij welke rentevoet de NCW = 0 wordt
C68: rentevoet | D68: NCW in het jaar van investeren | E68: Jaar
E69: 0 | F69: =E69+1 -> 1 | G69: =F69+1 -> 2 | H69: =G69+1 -> 3 | I69: =H69+1 -> 4 | J69: =I69+1 -> 5 | K69: =J69+1 -> 6 | L69: =K69+1 -> 7 | M69: =L69+1 -> 8 | ... AD69: =AC69+1 -> 25
C70: 0 | D70: =SUM(E70:AD70) -> 75 | E70: =(SUM(E$53:E$60)-E$59)/POWER(1+$C70/100,E$52) -> -100 | F70: =(SUM(F$53:F$60)-F$59)/POWER(1+$C70/100,F$52) -> 20 | G70: =(SUM(G$53:G$60)-G$59)/POWER(1+$C70/100,G$52) -> 20 | H70: =(SUM(H$53:H$60)-H$59)/POWER(1+$C70/100,H$52) -> 20 | I70: =(SUM(I$53:I$60)-I$59)/POWER(1+$C70/100,I$52) -> 20 | J70: =(SUM(J$53:J$60)-J$59)/POWER(1+$C70/100,J$52) -> 20 | K70: =(SUM(K$53:K$60)-K$59)/POWER(1+$C70/100,K$52) -> 15 | L70: =(SUM(L$53:L$60)-L$59)/POWER(1+$C70/100,L$52) -> 15 | ... AD70: =(SUM(AD$53:AD$60)-AD$59)/POWER(1+$C70/100,AD$52) -> 0
C71: =C70+5 -> 5 | D71: =SUM(E71:AD71) -> 37.473407 | E71: =(SUM(E$53:E$60)-E$59)/POWER(1+$C71/100,E$52) -> -100 | F71: =(SUM(F$53:F$60)-F$59)/POWER(1+$C71/100,F$52) -> 19.047619 | G71: =(SUM(G$53:G$60)-G$59)/POWER(1+$C71/100,G$52) -> 18.14059 | H71: =(SUM(H$53:H$60)-H$59)/POWER(1+$C71/100,H$52) -> 17.276752 | I71: =(SUM(I$53:I$60)-I$59)/POWER(1+$C71/100,I$52) -> 16.454049 | J71: =(SUM(J$53:J$60)-J$59)/POWER(1+$C71/100,J$52) -> 15.670523 | K71: =(SUM(K$53:K$60)-K$59)/POWER(1+$C71/100,K$52) -> 11.193231 | L71: =(SUM(L$53:L$60)-L$59)/POWER(1+$C71/100,L$52) -> 10.66022 | ... AD71: =(SUM(AD$53:AD$60)-AD$59)/POWER(1+$C71/100,AD$52) -> 0
C72: =C71+5 -> 10 | D72: =SUM(E72:AD72) -> 11.12244 | E72: =(SUM(E$53:E$60)-E$59)/POWER(1+$C72/100,E$52) -> -100 | F72: =(SUM(F$53:F$60)-F$59)/POWER(1+$C72/100,F$52) -> 18.181818 | G72: =(SUM(G$53:G$60)-G$59)/POWER(1+$C72/100,G$52) -> 16.528926 | H72: =(SUM(H$53:H$60)-H$59)/POWER(1+$C72/100,H$52) -> 15.026296 | I72: =(SUM(I$53:I$60)-I$59)/POWER(1+$C72/100,I$52) -> 13.660269 | J72: =(SUM(J$53:J$60)-J$59)/POWER(1+$C72/100,J$52) -> 12.418426 | K72: =(SUM(K$53:K$60)-K$59)/POWER(1+$C72/100,K$52) -> 8.467109 | L72: =(SUM(L$53:L$60)-L$59)/POWER(1+$C72/100,L$52) -> 7.6973718 | ... AD72: =(SUM(AD$53:AD$60)-AD$59)/POWER(1+$C72/100,AD$52) -> 0
C73: =C72+5 -> 15 | D73: =SUM(E73:AD73) -> -7.9576951 | E73: =(SUM(E$53:E$60)-E$59)/POWER(1+$C73/100,E$52) -> -100 | F73: =(SUM(F$53:F$60)-F$59)/POWER(1+$C73/100,F$52) -> 17.391304 | G73: =(SUM(G$53:G$60)-G$59)/POWER(1+$C73/100,G$52) -> 15.122873 | H73: =(SUM(H$53:H$60)-H$59)/POWER(1+$C73/100,H$52) -> 13.150325 | I73: =(SUM(I$53:I$60)-I$59)/POWER(1+$C73/100,I$52) -> 11.435065 | J73: =(SUM(J$53:J$60)-J$59)/POWER(1+$C73/100,J$52) -> 9.9435347 | K73: =(SUM(K$53:K$60)-K$59)/POWER(1+$C73/100,K$52) -> 6.4849139 | L73: =(SUM(L$53:L$60)-L$59)/POWER(1+$C73/100,L$52) -> 5.6390556 | ... AD73: =(SUM(AD$53:AD$60)-AD$59)/POWER(1+$C73/100,AD$52) -> 0
C74: =C73+5 -> 20 | D74: =SUM(E74:AD74) -> -22.159858 | E74: =(SUM(E$53:E$60)-E$59)/POWER(1+$C74/100,E$52) -> -100 | F74: =(SUM(F$53:F$60)-F$59)/POWER(1+$C74/100,F$52) -> 16.666667 | G74: =(SUM(G$53:G$60)-G$59)/POWER(1+$C74/100,G$52) -> 13.888889 | H74: =(SUM(H$53:H$60)-H$59)/POWER(1+$C74/100,H$52) -> 11.574074 | I74: =(SUM(I$53:I$60)-I$59)/POWER(1+$C74/100,I$52) -> 9.6450617 | J74: =(SUM(J$53:J$60)-J$59)/POWER(1+$C74/100,J$52) -> 8.0375514 | K74: =(SUM(K$53:K$60)-K$59)/POWER(1+$C74/100,K$52) -> 5.0234697 | L74: =(SUM(L$53:L$60)-L$59)/POWER(1+$C74/100,L$52) -> 4.1862247 | ... AD74: =(SUM(AD$53:AD$60)-AD$59)/POWER(1+$C74/100,AD$52) -> 0
C75: =C74+5 -> 25 | D75: =SUM(E75:AD75) -> -32.996051 | E75: =(SUM(E$53:E$60)-E$59)/POWER(1+$C75/100,E$52) -> -100 | F75: =(SUM(F$53:F$60)-F$59)/POWER(1+$C75/100,F$52) -> 16 | G75: =(SUM(G$53:G$60)-G$59)/POWER(1+$C75/100,G$52) -> 12.8 | H75: =(SUM(H$53:H$60)-H$59)/POWER(1+$C75/100,H$52) -> 10.24 | I75: =(SUM(I$53:I$60)-I$59)/POWER(1+$C75/100,I$52) -> 8.192 | J75: =(SUM(J$53:J$60)-J$59)/POWER(1+$C75/100,J$52) -> 6.5536 | K75: =(SUM(K$53:K$60)-K$59)/POWER(1+$C75/100,K$52) -> 3.93216 | L75: =(SUM(L$53:L$60)-L$59)/POWER(1+$C75/100,L$52) -> 3.145728 | ... AD75: =(SUM(AD$53:AD$60)-AD$59)/POWER(1+$C75/100,AD$52) -> 0
C76: =C75+5 -> 30 | D76: =SUM(E76:AD76) -> -41.449059 | E76: =(SUM(E$53:E$60)-E$59)/POWER(1+$C76/100,E$52) -> -100 | F76: =(SUM(F$53:F$60)-F$59)/POWER(1+$C76/100,F$52) -> 15.384615 | G76: =(SUM(G$53:G$60)-G$59)/POWER(1+$C76/100,G$52) -> 11.83432 | H76: =(SUM(H$53:H$60)-H$59)/POWER(1+$C76/100,H$52) -> 9.1033227 | I76: =(SUM(I$53:I$60)-I$59)/POWER(1+$C76/100,I$52) -> 7.0025559 | J76: =(SUM(J$53:J$60)-J$59)/POWER(1+$C76/100,J$52) -> 5.3865815 | K76: =(SUM(K$53:K$60)-K$59)/POWER(1+$C76/100,K$52) -> 3.1076432 | L76: =(SUM(L$53:L$60)-L$59)/POWER(1+$C76/100,L$52) -> 2.3904947 | ... AD76: =(SUM(AD$53:AD$60)-AD$59)/POWER(1+$C76/100,AD$52) -> 0
C77: =C76+5 -> 35 | D77: =SUM(E77:AD77) -> -48.174551 | E77: =(SUM(E$53:E$60)-E$59)/POWER(1+$C77/100,E$52) -> -100 | F77: =(SUM(F$53:F$60)-F$59)/POWER(1+$C77/100,F$52) -> 14.814815 | G77: =(SUM(G$53:G$60)-G$59)/POWER(1+$C77/100,G$52) -> 10.973937 | H77: =(SUM(H$53:H$60)-H$59)/POWER(1+$C77/100,H$52) -> 8.1288421 | I77: =(SUM(I$53:I$60)-I$59)/POWER(1+$C77/100,I$52) -> 6.0213646 | J77: =(SUM(J$53:J$60)-J$59)/POWER(1+$C77/100,J$52) -> 4.46027 | K77: =(SUM(K$53:K$60)-K$59)/POWER(1+$C77/100,K$52) -> 2.4779278 | L77: =(SUM(L$53:L$60)-L$59)/POWER(1+$C77/100,L$52) -> 1.8355021 | ... AD77: =(SUM(AD$53:AD$60)-AD$59)/POWER(1+$C77/100,AD$52) -> 0
C78: =C77+5 -> 40 | D78: =SUM(E78:AD78) -> -53.620616 | E78: =(SUM(E$53:E$60)-E$59)/POWER(1+$C78/100,E$52) -> -100 | F78: =(SUM(F$53:F$60)-F$59)/POWER(1+$C78/100,F$52) -> 14.285714 | G78: =(SUM(G$53:G$60)-G$59)/POWER(1+$C78/100,G$52) -> 10.204082 | H78: =(SUM(H$53:H$60)-H$59)/POWER(1+$C78/100,H$52) -> 7.2886297 | I78: =(SUM(I$53:I$60)-I$59)/POWER(1+$C78/100,I$52) -> 5.2061641 | J78: =(SUM(J$53:J$60)-J$59)/POWER(1+$C78/100,J$52) -> 3.7186886 | K78: =(SUM(K$53:K$60)-K$59)/POWER(1+$C78/100,K$52) -> 1.9921546 | L78: =(SUM(L$53:L$60)-L$59)/POWER(1+$C78/100,L$52) -> 1.4229676 | ... AD78: =(SUM(AD$53:AD$60)-AD$59)/POWER(1+$C78/100,AD$52) -> 0
C79: =C78+5 -> 45 | D79: =SUM(E79:AD79) -> -58.100362 | E79: =(SUM(E$53:E$60)-E$59)/POWER(1+$C79/100,E$52) -> -100 | F79: =(SUM(F$53:F$60)-F$59)/POWER(1+$C79/100,F$52) -> 13.793103 | G79: =(SUM(G$53:G$60)-G$59)/POWER(1+$C79/100,G$52) -> 9.5124851 | H79: =(SUM(H$53:H$60)-H$59)/POWER(1+$C79/100,H$52) -> 6.5603346 | I79: =(SUM(I$53:I$60)-I$59)/POWER(1+$C79/100,I$52) -> 4.5243687 | J79: =(SUM(J$53:J$60)-J$59)/POWER(1+$C79/100,J$52) -> 3.1202543 | K79: =(SUM(K$53:K$60)-K$59)/POWER(1+$C79/100,K$52) -> 1.6139246 | L79: =(SUM(L$53:L$60)-L$59)/POWER(1+$C79/100,L$52) -> 1.1130515 | ... AD79: =(SUM(AD$53:AD$60)-AD$59)/POWER(1+$C79/100,AD$52) -> 0
C80: =C79+5 -> 50 | D80: =SUM(E80:AD80) -> -61.837118 | E80: =(SUM(E$53:E$60)-E$59)/POWER(1+$C80/100,E$52) -> -100 | F80: =(SUM(F$53:F$60)-F$59)/POWER(1+$C80/100,F$52) -> 13.333333 | G80: =(SUM(G$53:G$60)-G$59)/POWER(1+$C80/100,G$52) -> 8.8888889 | H80: =(SUM(H$53:H$60)-H$59)/POWER(1+$C80/100,H$52) -> 5.9259259 | I80: =(SUM(I$53:I$60)-I$59)/POWER(1+$C80/100,I$52) -> 3.9506173 | J80: =(SUM(J$53:J$60)-J$59)/POWER(1+$C80/100,J$52) -> 2.6337449 | K80: =(SUM(K$53:K$60)-K$59)/POWER(1+$C80/100,K$52) -> 1.3168724 | L80: =(SUM(L$53:L$60)-L$59)/POWER(1+$C80/100,L$52) -> 0.87791495 | ... AD80: =(SUM(AD$53:AD$60)-AD$59)/POWER(1+$C80/100,AD$52) -> 0
C82: De rentevoet waarbij de netto contante waarde = 0 wordt, is de IRR van de investering na belastingen

Sheet versiebeheer
A1: nr. | B1: versie | C1: Datum | D1: Omschrijving
A2: 1 | B2: ="vs. "& A2 &".0" -> vs. 1.0 | C2: 46161 | D2: versie obv sjabloon premie na audit
A3: 2 | B3: ="vs. "& A3 &".0" -> vs. 2.0 | C3: 46192 | D3: aanpassingen: - incl. thematische aftrek - exploitatieperiode uitgebreid tot 25 jaar - mogelijkheid tot besparingen verschillend jaar tot jaar
A4: 3 | B4: ="vs. "& A4 &".0" -> vs. 3.0 | C4: 46255 | D4: aanpassingen: - thematische aftrek = 30% voor niet KO voor investeringen 2025
